SET NAMES utf8;
SET time_zone = '+00:00';
SET foreign_key_checks = 0;
SET sql_mode = 'NO_AUTO_VALUE_ON_ZERO';

INSERT INTO `degree_program` (`id`, `name`) VALUES
('IBA',	'Informatik Bachelor');

INSERT INTO `language` (`iso_code`, `name`) VALUES
('DE',	'Deutsch'),
('EN',	'Englisch');

INSERT INTO `module` (`id`, `code`,`name`, `credits`, `semester_model`,`intensive_week_model`, `fall_semester_model`, `spring_semester_model`, `type`) VALUES
(1,'AD','Algorithmen & Datenstrukturen',6,CONV('1', 2, 10) + 0,CONV('0', 2, 10) + 0,CONV('1', 2, 10) + 0,CONV('1', 2, 10) + 0,0),
(2,'ANLIS','Analysis',6,CONV('1', 2, 10) + 0,CONV('0', 2, 10) + 0,CONV('1', 2, 10) + 0,CONV('1', 2, 10) + 0,0),
(3,'ASTAT','Applied Statistics for Data Science',3,CONV('1', 2, 10) + 0,CONV('0', 2, 10) + 0,CONV('1', 2, 10) + 0,CONV('1', 2, 10) + 0,1),
(4,'APPE','Applikationsentwicklung',6,CONV('1', 2, 10) + 0,CONV('0', 2, 10) + 0,CONV('0', 2, 10) + 0,CONV('1', 2, 10) + 0,0),
(5,'CNA','Computer & Network Architecture',6,CONV('1', 2, 10) + 0,CONV('0', 2, 10) + 0,CONV('1', 2, 10) + 0,CONV('1', 2, 10) + 0,0),
(6,'DBS','Datenbanksysteme',6,CONV('1', 2, 10) + 0,CONV('0', 2, 10) + 0,CONV('1', 2, 10) + 0,CONV('1', 2, 10) + 0,1),
(7,'DMATH','Diskrete Mathematik',6,CONV('1', 2, 10) + 0,CONV('0', 2, 10) + 0,CONV('1', 2, 10) + 0,CONV('1', 2, 10) + 0,0),
(8,'ISF','Information Security Fundamentals',3,CONV('1', 2, 10) + 0,CONV('0', 2, 10) + 0,CONV('1', 2, 10) + 0,CONV('1', 2, 10) + 0,0),
(9,'ITEO','IT-System Engineering & Operation',6,CONV('1', 2, 10) + 0,CONV('0', 2, 10) + 0,CONV('1', 2, 10) + 0,CONV('1', 2, 10) + 0,0),
(10,'MOD','Modellierung Grundlagen',3,CONV('1', 2, 10) + 0,CONV('0', 2, 10) + 0,CONV('1', 2, 10) + 0,CONV('1', 2, 10) + 0,0),
(11,'OOP','Objektorientierte Programmierung',6,CONV('1', 2, 10) + 0,CONV('0', 2, 10) + 0,CONV('1', 2, 10) + 0,CONV('1', 2, 10) + 0,0),
(12,'PLAB','Programmier-Labor',3,CONV('1', 2, 10) + 0,CONV('0', 2, 10) + 0,CONV('1', 2, 10) + 0,CONV('0', 2, 10) + 0,0),
(13,'PMRE','Project Management &Requirement Engineering',3,CONV('1', 2, 10) + 0,CONV('0', 2, 10) + 0,CONV('1', 2, 10) + 0,CONV('1', 2, 10) + 0,1),
(14,'SWDE','Software-Development',6,CONV('1', 2, 10) + 0,CONV('0', 2, 10) + 0,CONV('1', 2, 10) + 0,CONV('1', 2, 10) + 0,1),
(15,'VSK','Verteilte Systeme & Komponenten',6,CONV('1', 2, 10) + 0,CONV('0', 2, 10) + 0,CONV('1', 2, 10) + 0,CONV('1', 2, 10) + 0,1),
(16,'BAA','Bachelorarbeit',12,CONV('1', 2, 10) + 0,CONV('0', 2, 10) + 0,CONV('1', 2, 10) + 0,CONV('1', 2, 10) + 0,4),
(17,'WIPRO','Wirtschaftsprojekt',6,CONV('1', 2, 10) + 0,CONV('0', 2, 10) + 0,CONV('1', 2, 10) + 0,CONV('1', 2, 10) + 0,4),
(18,'FKOM','Fachkommunikation',3,CONV('1', 2, 10) + 0,CONV('0', 2, 10) + 0,CONV('1', 2, 10) + 0,CONV('1', 2, 10) + 0,4),
(19,'PMB','Project Management Basics',3,CONV('1', 2, 10) + 0,CONV('0', 2, 10) + 0,CONV('1', 2, 10) + 0,CONV('1', 2, 10) + 0,4),
(20,'PTA','Projekt und Teamarbeit',6,CONV('1', 2, 10) + 0,CONV('0', 2, 10) + 0,CONV('1', 2, 10) + 0,CONV('1', 2, 10) + 0,4),
(21,'ACBA','Accounting Basics',3,CONV('1', 2, 10) + 0,CONV('0', 2, 10) + 0,CONV('1', 2, 10) + 0,CONV('1', 2, 10) + 0,2),
(22,'AEMBS','Advanced Embedded Systems',3,CONV('1', 2, 10) + 0,CONV('0', 2, 10) + 0,CONV('1', 2, 10) + 0,CONV('1', 2, 10) + 0,2),
(23,'AIOT','Advanced Internet of Things',3,CONV('1', 2, 10) + 0,CONV('0', 2, 10) + 0,CONV('0', 2, 10) + 0,CONV('1', 2, 10) + 0,2),
(24,'AITEC','Advances Internet Technologies',3,CONV('1', 2, 10) + 0,CONV('0', 2, 10) + 0,CONV('1', 2, 10) + 0,CONV('0', 2, 10) + 0,2),
(25,'ADPENTEST','Advanced Penetration Testing',3,CONV('1', 2, 10) + 0,CONV('0', 2, 10) + 0,CONV('1', 2, 10) + 0,CONV('0', 2, 10) + 0,2),
(26,'AROB','Angewandte industrielle Robotik',6,CONV('1', 2, 10) + 0,CONV('0', 2, 10) + 0,CONV('1', 2, 10) + 0,CONV('1', 2, 10) + 0,2),
(27,'MAT2','Angewandte Mathematik 2',3,CONV('1', 2, 10) + 0,CONV('0', 2, 10) + 0,CONV('0', 2, 10) + 0,CONV('1', 2, 10) + 0,2),
(28,'BW','Betriebswirtschaft im digitalen Umfeld',3,CONV('1', 2, 10) + 0,CONV('0', 2, 10) + 0,CONV('0', 2, 10) + 0,CONV('1', 2, 10) + 0,2),
(29,'BDM','Big Data Management',3,CONV('1', 2, 10) + 0,CONV('0', 2, 10) + 0,CONV('1', 2, 10) + 0,CONV('0', 2, 10) + 0,2),
(30,'CSA','C# in Action',3,CONV('1', 2, 10) + 0,CONV('0', 2, 10) + 0,CONV('1', 2, 10) + 0,CONV('0', 2, 10) + 0,2),
(31,'CHMA','Change Management',3,CONV('1', 2, 10) + 0,CONV('0', 2, 10) + 0,CONV('1', 2, 10) + 0,CONV('0', 2, 10) + 0,2),
(32,'CPLAB','Cloud Programming Lab',3,CONV('0', 2, 10) + 0,CONV('1', 2, 10) + 0,CONV('1', 2, 10) + 0,CONV('0', 2, 10) + 0,2),
(33,'COBAU','Compilerbau',3,CONV('1', 2, 10) + 0,CONV('0', 2, 10) + 0,CONV('1', 2, 10) + 0,CONV('0', 2, 10) + 0,2),
(34,'CNF','Computer Network Fundamentals',3,CONV('1', 2, 10) + 0,CONV('0', 2, 10) + 0,CONV('1', 2, 10) + 0,CONV('1', 2, 10) + 0,2),
(35,'CCNA','Computer Networks',3,CONV('1', 2, 10) + 0,CONV('0', 2, 10) + 0,CONV('0', 2, 10) + 0,CONV('1', 2, 10) + 0,2),
(36,'INFKOL','Computer Science Hot Topics',3,CONV('1', 2, 10) + 0,CONV('0', 2, 10) + 0,CONV('0', 2, 10) + 0,CONV('1', 2, 10) + 0,2),
(37,'CONS','Consulting',3,CONV('1', 2, 10) + 0,CONV('0', 2, 10) + 0,CONV('1', 2, 10) + 0,CONV('0', 2, 10) + 0,2),
(38,'ICS.CRS','Crisis Recovery Strategies',3,CONV('1', 2, 10) + 0,CONV('0', 2, 10) + 0,CONV('1', 2, 10) + 0,CONV('1', 2, 10) + 0,2),
(39,'CYBER','Cyber Defence',3,CONV('1', 2, 10) + 0,CONV('0', 2, 10) + 0,CONV('1', 2, 10) + 0,CONV('1', 2, 10) + 0,2),
(40,'DSO','Datenschutz in Organisation',3,CONV('1', 2, 10) + 0,CONV('0', 2, 10) + 0,CONV('1', 2, 10) + 0,CONV('0', 2, 10) + 0,2),
(41,'DCEX','Digital Customer Experience',3,CONV('1', 2, 10) + 0,CONV('0', 2, 10) + 0,CONV('1', 2, 10) + 0,CONV('1', 2, 10) + 0,2),
(42,'DIBM','Digitale Business Modelle',3,CONV('1', 2, 10) + 0,CONV('0', 2, 10) + 0,CONV('1', 2, 10) + 0,CONV('0', 2, 10) + 0,2),
(43,'DITI','Digitale Transformation in der Industrie',3,CONV('1', 2, 10) + 0,CONV('0', 2, 10) + 0,CONV('1', 2, 10) + 0,CONV('0', 2, 10) + 0,2),
(44,'DICO','Digitales Controlling',3,CONV('1', 2, 10) + 0,CONV('0', 2, 10) + 0,CONV('0', 2, 10) + 0,CONV('1', 2, 10) + 0,2),
(45,'EBV','Echtzeit-Bildverarbeitung',3,CONV('1', 2, 10) + 0,CONV('0', 2, 10) + 0,CONV('0', 2, 10) + 0,CONV('1', 2, 10) + 0,2),
(46,'ENLAB','Enterprise Programming Lab',3,CONV('1', 2, 10) + 0,CONV('0', 2, 10) + 0,CONV('0', 2, 10) + 0,CONV('1', 2, 10) + 0,2),
(47,'GAME','Game Theory',3,CONV('1', 2, 10) + 0,CONV('0', 2, 10) + 0,CONV('1', 2, 10) + 0,CONV('1', 2, 10) + 0,2),
(48,'GIS','Geographic Information Systems',3,CONV('1', 2, 10) + 0,CONV('0', 2, 10) + 0,CONV('0', 2, 10) + 0,CONV('1', 2, 10) + 0,2),
(49,'GPRO','Geschäftsprozesse und Organisation',3,CONV('1', 2, 10) + 0,CONV('0', 2, 10) + 0,CONV('1', 2, 10) + 0,CONV('1', 2, 10) + 0,2),
(50,'HMAT','Höhere Mathematik',3,CONV('1', 2, 10) + 0,CONV('0', 2, 10) + 0,CONV('0', 2, 10) + 0,CONV('1', 2, 10) + 0,2),
(51,'IPCV','Image Processing & Computer Vision',3,CONV('1', 2, 10) + 0,CONV('0', 2, 10) + 0,CONV('0', 2, 10) + 0,CONV('1', 2, 10) + 0,2),
(52,'IMLAB','Immersive Labs',3,CONV('1', 2, 10) + 0,CONV('0', 2, 10) + 0,CONV('1', 2, 10) + 0,CONV('1', 2, 10) + 0,2),
(53,'IMATH','Informatik Mathematik',3,CONV('1', 2, 10) + 0,CONV('0', 2, 10) + 0,CONV('1', 2, 10) + 0,CONV('0', 2, 10) + 0,2),
(54,'ITAU','IT Audit',3,CONV('1', 2, 10) + 0,CONV('0', 2, 10) + 0,CONV('1', 2, 10) + 0,CONV('0', 2, 10) + 0,2),
(55,'ISMA','IT Service Management',3,CONV('1', 2, 10) + 0,CONV('0', 2, 10) + 0,CONV('0', 2, 10) + 0,CONV('1', 2, 10) + 0,2),
(56,'ITRE','IT-Recht',3,CONV('1', 2, 10) + 0,CONV('0', 2, 10) + 0,CONV('0', 2, 10) + 0,CONV('1', 2, 10) + 0,2),
(57,'INFSEC+MAN','IT-Security Management',3,CONV('1', 2, 10) + 0,CONV('0', 2, 10) + 0,CONV('1', 2, 10) + 0,CONV('0', 2, 10) + 0,2),
(58,'KNRE','Knowledge Representation',3,CONV('1', 2, 10) + 0,CONV('0', 2, 10) + 0,CONV('1', 2, 10) + 0,CONV('1', 2, 10) + 0,2),
(59,'KOMA','Konfliktmanagement',3,CONV('1', 2, 10) + 0,CONV('0', 2, 10) + 0,CONV('0', 2, 10) + 0,CONV('1', 2, 10) + 0,2),
(60,'LIAL','Lineare Algebra',3,CONV('1', 2, 10) + 0,CONV('0', 2, 10) + 0,CONV('1', 2, 10) + 0,CONV('1', 2, 10) + 0,2),
(61,'MA+PHY1','Mathematik & Physik Technik 1',6,CONV('1', 2, 10) + 0,CONV('0', 2, 10) + 0,CONV('1', 2, 10) + 0,CONV('1', 2, 10) + 0,2),
(62,'MICRO','Microcontroller',3,CONV('1', 2, 10) + 0,CONV('0', 2, 10) + 0,CONV('0', 2, 10) + 0,CONV('1', 2, 10) + 0,2),
(63,'MOBPRO','Mobile Programming',3,CONV('1', 2, 10) + 0,CONV('0', 2, 10) + 0,CONV('0', 2, 10) + 0,CONV('1', 2, 10) + 0,2),
(64,'MOBSYS','Mobile Systems',3,CONV('1', 2, 10) + 0,CONV('0', 2, 10) + 0,CONV('0', 2, 10) + 0,CONV('1', 2, 10) + 0,2),
(65,'NETW1','Networking 1',3,CONV('1', 2, 10) + 0,CONV('0', 2, 10) + 0,CONV('1', 2, 10) + 0,CONV('1', 2, 10) + 0,2),
(66,'IOS','Programmieren fürs iOS',3,CONV('1', 2, 10) + 0,CONV('0', 2, 10) + 0,CONV('1', 2, 10) + 0,CONV('0', 2, 10) + 0,2),
(67,'REUF','Recht für Unternehmensführung',3,CONV('1', 2, 10) + 0,CONV('0', 2, 10) + 0,CONV('1', 2, 10) + 0,CONV('0', 2, 10) + 0,2),
(68,'MARI','Management und Recht im Informationszeitalter',3,CONV('1', 2, 10) + 0,CONV('0', 2, 10) + 0,CONV('0', 2, 10) + 0,CONV('1', 2, 10) + 0,2),
(69,'SIM+MOD','Management und Recht im Informationszeitalter',3,CONV('1', 2, 10) + 0,CONV('0', 2, 10) + 0,CONV('0', 2, 10) + 0,CONV('1', 2, 10) + 0,2),
(70,'SWT','Software Testing',3,CONV('1', 2, 10) + 0,CONV('0', 2, 10) + 0,CONV('0', 2, 10) + 0,CONV('1', 2, 10) + 0,2),
(71,'UKOM','Unternehmenskommunikation und Sprachtechnologien',3,CONV('1', 2, 10) + 0,CONV('0', 2, 10) + 0,CONV('0', 2, 10) + 0,CONV('1', 2, 10) + 0,2),
(72,'UGDM','Unternehmungsgründungen in digitalen Märkten',3,CONV('1', 2, 10) + 0,CONV('0', 2, 10) + 0,CONV('1', 2, 10) + 0,CONV('0', 2, 10) + 0,2),
(73,'VRT','Virtual Reality Technologies',3,CONV('1', 2, 10) + 0,CONV('0', 2, 10) + 0,CONV('0', 2, 10) + 0,CONV('1', 2, 10) + 0,2),
(74,'VWL','Volkswirtschaft',3,CONV('1', 2, 10) + 0,CONV('0', 2, 10) + 0,CONV('0', 2, 10) + 0,CONV('1', 2, 10) + 0,2),
(75,'WEBT','Web-Technologien',3,CONV('1', 2, 10) + 0,CONV('0', 2, 10) + 0,CONV('1', 2, 10) + 0,CONV('1', 2, 10) + 0,2),
(76,'XML','XML & JSON Technologies',3,CONV('0', 2, 10) + 0,CONV('1', 2, 10) + 0,CONV('1', 2, 10) + 0,CONV('0', 2, 10) + 0,2),
(77,'ADML','Advanced Machine Learning',6,CONV('1', 2, 10) + 0,CONV('0', 2, 10) + 0,CONV('0', 2, 10) + 0,CONV('1', 2, 10) + 0,2),
(78,'AISO','Artifical Intelligence: Search & Optimization',3,CONV('1', 2, 10) + 0,CONV('0', 2, 10) + 0,CONV('0', 2, 10) + 0,CONV('1', 2, 10) + 0,2),
(79,'BDLC','Big Data Lab Cluster',3,CONV('1', 2, 10) + 0,CONV('0', 2, 10) + 0,CONV('0', 2, 10) + 0,CONV('1', 2, 10) + 0,2),
(80,'BDLS','Big Data Lab Sandbox',3,CONV('0', 2, 10) + 0,CONV('1', 2, 10) + 0,CONV('1', 2, 10) + 0,CONV('0', 2, 10) + 0,2),
(81,'BCHAIN','Blockchain',3,CONV('1', 2, 10) + 0,CONV('0', 2, 10) + 0,CONV('1', 2, 10) + 0,CONV('1', 2, 10) + 0,2),
(82,'BIDS','Business Intelligence und Decision Support',3,CONV('0', 2, 10) + 0,CONV('1', 2, 10) + 0,CONV('1', 2, 10) + 0,CONV('1', 2, 10) + 0,2),
(83,'CI','Cloud Infrastructure',3,CONV('1', 2, 10) + 0,CONV('0', 2, 10) + 0,CONV('0', 2, 10) + 0,CONV('1', 2, 10) + 0,2),
(84,'CILAB','Cloud Infrastructure Lab',3,CONV('1', 2, 10) + 0,CONV('0', 2, 10) + 0,CONV('1', 2, 10) + 0,CONV('0', 2, 10) + 0,2),
(85,'CAB','Cloud-Services Angebot & Betrieb',3,CONV('1', 2, 10) + 0,CONV('0', 2, 10) + 0,CONV('0', 2, 10) + 0,CONV('1', 2, 10) + 0,2),
(86,'ROBLAB','Cognitive Robotics Lab',3,CONV('1', 2, 10) + 0,CONV('0', 2, 10) + 0,CONV('1', 2, 10) + 0,CONV('0', 2, 10) + 0,2),
(87,'DASB','Data Science Basics',3,CONV('1', 2, 10) + 0,CONV('0', 2, 10) + 0,CONV('1', 2, 10) + 0,CONV('1', 2, 10) + 0,2),
(88,'DAWA','Data Warehousing',3,CONV('1', 2, 10) + 0,CONV('0', 2, 10) + 0,CONV('1', 2, 10) + 0,CONV('1', 2, 10) + 0,2),
(89,'DAVI','Datenvisualisierung',3,CONV('1', 2, 10) + 0,CONV('0', 2, 10) + 0,CONV('1', 2, 10) + 0,CONV('0', 2, 10) + 0,2),
(90,'DL4G','Deep Learning for Games',3,CONV('1', 2, 10) + 0,CONV('0', 2, 10) + 0,CONV('1', 2, 10) + 0,CONV('0', 2, 10) + 0,2),
(91,'FOMED','Formen der Mediengestaltung',3,CONV('1', 2, 10) + 0,CONV('0', 2, 10) + 0,CONV('0', 2, 10) + 0,CONV('1', 2, 10) + 0,2),
(92,'GAMEDES','Game Design',3,CONV('1', 2, 10) + 0,CONV('0', 2, 10) + 0,CONV('0', 2, 10) + 0,CONV('1', 2, 10) + 0,2),
(93,'GAMEDEV','Game Development',3,CONV('1', 2, 10) + 0,CONV('0', 2, 10) + 0,CONV('1', 2, 10) + 0,CONV('0', 2, 10) + 0,2),
(94,'HFD','Human Factors & Design',3,CONV('1', 2, 10) + 0,CONV('0', 2, 10) + 0,CONV('1', 2, 10) + 0,CONV('0', 2, 10) + 0,2),
(95,'ISLAB','Information Security Lab',3,CONV('1', 2, 10) + 0,CONV('0', 2, 10) + 0,CONV('1', 2, 10) + 0,CONV('1', 2, 10) + 0,2),
(96,'ISM','Information Security Management',3,CONV('1', 2, 10) + 0,CONV('0', 2, 10) + 0,CONV('1', 2, 10) + 0,CONV('0', 2, 10) + 0,2),
(97,'ISOA','Information Security - Organisatorische Aspekte',3,CONV('1', 2, 10) + 0,CONV('0', 2, 10) + 0,CONV('0', 2, 10) + 0,CONV('1', 2, 10) + 0,2),
(98,'IAVR','Interaction for Virtual Reality',3,CONV('1', 2, 10) + 0,CONV('1', 2, 10) + 0,CONV('1', 2, 10) + 0,CONV('1', 2, 10) + 0,2),
(99,'IOT','Internet of Things',3,CONV('1', 2, 10) + 0,CONV('0', 2, 10) + 0,CONV('1', 2, 10) + 0,CONV('0', 2, 10) + 0,2),
(100,'KBDS','Knowledge-based Decision Support Systems',3,CONV('1', 2, 10) + 0,CONV('0', 2, 10) + 0,CONV('1', 2, 10) + 0,CONV('0', 2, 10) + 0,2),
(101,'KRYPTO','Kryptologie ICS',3,CONV('1', 2, 10) + 0,CONV('0', 2, 10) + 0,CONV('1', 2, 10) + 0,CONV('1', 2, 10) + 0,2),
(102,'ML','Machine Learning',3,CONV('1', 2, 10) + 0,CONV('0', 2, 10) + 0,CONV('1', 2, 10) + 0,CONV('1', 2, 10) + 0,2),
(103,'MANSEC','Managementaspekte der Informationssicherheit',3,CONV('1', 2, 10) + 0,CONV('0', 2, 10) + 0,CONV('0', 2, 10) + 0,CONV('1', 2, 10) + 0,2),
(104,'MOBLAB','Mobile Programming Lab',3,CONV('1', 2, 10) + 0,CONV('0', 2, 10) + 0,CONV('1', 2, 10) + 0,CONV('0', 2, 10) + 0,2),
(105,'PCP','Programming Concepts & Paradigms',6,CONV('1', 2, 10) + 0,CONV('0', 2, 10) + 0,CONV('0', 2, 10) + 0,CONV('1', 2, 10) + 0,2),
(106,'SPRG','Sicheres Programmieren',3,CONV('1', 2, 10) + 0,CONV('0', 2, 10) + 0,CONV('0', 2, 10) + 0,CONV('0', 2, 10) + 0,2),
(107,'SWAT','Software Architecture & Techniques',3,CONV('1', 2, 10) + 0,CONV('0', 2, 10) + 0,CONV('0', 2, 10) + 0,CONV('1', 2, 10) + 0,2),
(108,'USAB','Usability',3,CONV('1', 2, 10) + 0,CONV('0', 2, 10) + 0,CONV('1', 2, 10) + 0,CONV('1', 2, 10) + 0,2),
(109,'UCDE','User Centered Design - Engineering',3,CONV('1', 2, 10) + 0,CONV('0', 2, 10) + 0,CONV('0', 2, 10) + 0,CONV('1', 2, 10) + 0,2),
(110,'VID','Visual Interface Design',3,CONV('1', 2, 10) + 0,CONV('0', 2, 10) + 0,CONV('0', 2, 10) + 0,CONV('1', 2, 10) + 0,2),
(111,'WEBLAB','Web Programming Lab',3,CONV('0', 2, 10) + 0,CONV('1', 2, 10) + 0,CONV('1', 2, 10) + 0,CONV('0', 2, 10) + 0,2),
(112,'AEDCIT','Academic English IELTS Preparation',3,CONV('1', 2, 10) + 0,CONV('0', 2, 10) + 0,CONV('1', 2, 10) + 0,CONV('0', 2, 10) + 0,3),
(113,'AEDC1','Advanced English Diploma 1',3,CONV('1', 2, 10) + 0,CONV('0', 2, 10) + 0,CONV('1', 2, 10) + 0,CONV('0', 2, 10) + 0,3),
(114,'AEDCTO','Advanced English Diploma Course TOEFL Preparation',3,CONV('1', 2, 10) + 0,CONV('0', 2, 10) + 0,CONV('1', 2, 10) + 0,CONV('1', 2, 10) + 0,3),
(115,'ANGCPH','Anglo-American Culture, Politics and History',3,CONV('1', 2, 10) + 0,CONV('0', 2, 10) + 0,CONV('0', 2, 10) + 0,CONV('1', 2, 10) + 0,3),
(116,'CAEPRO','Cambridge Proficiency Preparation Course',3,CONV('1', 2, 10) + 0,CONV('0', 2, 10) + 0,CONV('0', 2, 10) + 0,CONV('1', 2, 10) + 0,3),
(117,'KUFA','Kunst der Finanzanlage',3,CONV('1', 2, 10) + 0,CONV('0', 2, 10) + 0,CONV('1', 2, 10) + 0,CONV('1', 2, 10) + 0,3),
(118,'ENGDBU','English for Digital Business',3,CONV('1', 2, 10) + 0,CONV('0', 2, 10) + 0,CONV('1', 2, 10) + 0,CONV('0', 2, 10) + 0,3),
(119,'ENGFTD','English for Future Technolgy Development',3,CONV('1', 2, 10) + 0,CONV('0', 2, 10) + 0,CONV('0', 2, 10) + 0,CONV('1', 2, 10) + 0,3),
(120,'ENGSDC','English for Strategic and Digital Communication',3,CONV('1', 2, 10) + 0,CONV('0', 2, 10) + 0,CONV('1', 2, 10) + 0,CONV('1', 2, 10) + 0,3),
(121,'ENGTCS','English for Technical & Computer Science',3,CONV('1', 2, 10) + 0,CONV('0', 2, 10) + 0,CONV('1', 2, 10) + 0,CONV('0', 2, 10) + 0,3),
(122,'ETHIK','Ethik',3,CONV('1', 2, 10) + 0,CONV('0', 2, 10) + 0,CONV('0', 2, 10) + 0,CONV('1', 2, 10) + 0,3),
(123,'ISFC','International School for Computer Science Students',3,CONV('0', 2, 10) + 0,CONV('1', 2, 10) + 0,CONV('1', 2, 10) + 0,CONV('1', 2, 10) + 0,3),
(124,'ASACPH','Introduction to Asia Culture Politics & History',3,CONV('1', 2, 10) + 0,CONV('0', 2, 10) + 0,CONV('1', 2, 10) + 0,CONV('0', 2, 10) + 0,3),
(125,'PROTCO','Professional and Technical Communication',3,CONV('1', 2, 10) + 0,CONV('0', 2, 10) + 0,CONV('0', 2, 10) + 0,CONV('1', 2, 10) + 0,3),
(126,'SOZIAL','Social Project',3,CONV('1', 2, 10) + 0,CONV('0', 2, 10) + 0,CONV('1', 2, 10) + 0,CONV('1', 2, 10) + 0,3),
(127,'SUM_SCHOOL','Summer School on Designing Serious Games',3,CONV('0', 2, 10) + 0,CONV('1', 2, 10) + 0,CONV('0', 2, 10) + 0,CONV('1', 2, 10) + 0,3),
(128,'CG','Computer Graphics',3,CONV('1', 2, 10) + 0,CONV('0', 2, 10) + 0,CONV('1', 2, 10) + 0,CONV('0', 2, 10) + 0,2);

INSERT INTO `module_language` (`module_id`, `language_iso_code`) VALUES
(1,'DE'),
(2,'DE'),
(3,'DE'),
(4,'DE'),
(5,'DE'),
(6,'DE'),
(7,'DE'),
(8,'DE'),
(9,'DE'),
(10,'DE'),
(11,'DE'),
(12,'DE'),
(13,'DE'),
(14,'DE'),
(15,'DE'),
(16,'DE'),
(17,'DE'),
(18,'DE'),
(19,'DE'),
(20,'DE'),
(21,'DE'),
(22,'DE'),
(23,'EN'),
(24,'DE'),
(25,'DE'),
(26,'DE'),
(27,'DE'),
(28,'DE'),
(29,'DE'),
(30,'DE'),
(31,'DE'),
(32,'DE'),
(33,'DE'),
(34,'EN'),
(35,'EN'),
(36,'EN'),
(37,'DE'),
(38,'DE'),
(39,'DE'),
(40,'DE'),
(41,'DE'),
(42,'DE'),
(43,'DE'),
(43,'EN'),
(44,'DE'),
(45,'DE'),
(46,'DE'),
(47,'EN'),
(48,'DE'),
(49,'DE'),
(50,'DE'),
(51,'DE'),
(52,'EN'),
(53,'DE'),
(54,'DE'),
(55,'DE'),
(56,'DE'),
(57,'EN'),
(58,'EN'),
(59,'DE'),
(60,'DE'),
(61,'DE'),
(61,'EN'),
(62,'DE'),
(63,'DE'),
(64,'DE'),
(65,'DE'),
(66,'DE'),
(67,'DE'),
(68,'DE'),
(69,'DE'),
(70,'DE'),
(71,'DE'),
(72,'DE'),
(73,'DE'),
(74,'DE'),
(75,'DE'),
(76,'DE'),
(77,'DE'),
(77,'EN'),
(78,'DE'),
(79,'DE'),
(80,'DE'),
(81,'DE'),
(82,'DE'),
(83,'DE'),
(84,'DE'),
(85,'DE'),
(86,'DE'),
(87,'EN'),
(88,'DE'),
(89,'DE'),
(90,'DE'),
(91,'DE'),
(92,'DE'),
(92,'EN'),
(93,'EN'),
(93,'DE'),
(94,'DE'),
(95,'DE'),
(96,'DE'),
(97,'DE'),
(98,'DE'),
(99,'EN'),
(100,'DE'),
(101,'DE'),
(102,'DE'),
(102,'EN'),
(103,'DE'),
(104,'DE'),
(105,'DE'),
(106,'DE'),
(106,'EN'),
(107,'DE'),
(108,'DE'),
(108,'EN'),
(109,'DE'),
(110,'DE'),
(111,'DE'),
(112,'EN'),
(113,'EN'),
(114,'EN'),
(115,'EN'),
(116,'EN'),
(117,'DE'),
(118,'EN'),
(119,'EN'),
(120,'EN'),
(121,'EN'),
(122,'DE'),
(123,'EN'),
(124,'EN'),
(125,'EN'),
(126,'DE'),
(127,'EN'),
(128,'EN');

INSERT INTO `requirement` (`id`, `inclusive`, `level_name`) VALUES
(1,	CONV('1', 2, 10) + 0,'Assessment');

INSERT INTO `requirement` (`id`, `inclusive`) VALUES
(2,	CONV('0', 2, 10) + 0), /*oop|plab*/
(3,	CONV('1', 2, 10) + 0),/*anlis,dmath*/
(4,	CONV('1', 2, 10) + 0),/*cyber*/
(5,	CONV('1', 2, 10) + 0),/*iot*/
(6,	CONV('1', 2, 10) + 0),/*webt*/
(7,	CONV('1', 2, 10) + 0),/*vsk,dbs*/
(8,	CONV('1', 2, 10) + 0),/*pren2*/
(9,	CONV('0', 2, 10) + 0),/* LINAL|IMATH*/
(10,CONV('1', 2, 10) + 0),/* PTA,FKOM*/
(11,CONV('1', 2, 10) + 0),/* ITEO*/
(12,CONV('1', 2, 10) + 0),/* AD*/
(13,CONV('1', 2, 10) + 0),/* vsk*/
(14,CONV('1', 2, 10) + 0),/* dbs*/
(15,CONV('0', 2, 10) + 0),/* dbs|dmg*/
(16,CONV('0', 2, 10) + 0),/* vsk|SWDE*/
(17,CONV('1', 2, 10) + 0),/* IMATH*/
(18,CONV('1', 2, 10) + 0),/* ISF*/
(19,CONV('1', 2, 10) + 0),/* CAN*/
(20,CONV('1', 2, 10) + 0),/* ANLIS,ASTAT*/
(21,CONV('1', 2, 10) + 0),/* DMATH,ISF*/
(22,CONV('1', 2, 10) + 0),/* ITRE*/
(23,CONV('1', 2, 10) + 0),/* ANLIS*/
(24,CONV('1', 2, 10) + 0),/* MBPRO*/
(25,CONV('1', 2, 10) + 0),/* PTA*/
(26,CONV('1', 2, 10) + 0),/* PMB*/
(27,CONV('1', 2, 10) + 0),/* APPE*/
(28,CONV('1', 2, 10) + 0),/* USAB*/
(29,CONV('1', 2, 10) + 0);/* CNF*/

INSERT INTO `requirement_module` (`requirement_id`, `module_id`) VALUES
(1,1),
(1,2),
(1,5),
(1,7),
(1,8),
(1,9),
(1,10),
(1,11),
(1,18),
(1,19),
(1,20),
(2,11),
(2,12),
(3,2),
(3,7),
(4,39),
(5,99),
(6,75),
(7,15),
(7,6),
(9,60),
(9,53),
(10,18),
(10,20),
(11,9),
(12,1),
(13,15),
(14,6),
(15,6),
(16,15),
(16,14),
(17,53),
(18,8),
(19,5),
(20,2),
(20,3),
(21,7),
(21,8),
(22,56),
(23,2),
(24,63),
(25,20),
(26,19),
(27,4),
(28,108),
(29,34);


INSERT INTO `module_requirement` (`module_id`, `requirement_id`) VALUES
(1,	2),
(77,3),
(77,1),
(25,1),
(25,4),
(23,5),
(23,1),
(78,1),
(24,1),
(4,7),
(26,8),
(26,9),
(3,1),
(81,1),
(81,2),
(79,1),
(80,1),
(29,10),
(82,1),
(85,1),
(85,11),
(83,1),
(83,11),
(84,1),
(84,11),
(89,14),
(33,12),
(37,1),
(32,1),
(32,13),
(30,2),
(39,1),
(87,14),
(87,1),
(88,1),
(6,1),
(42,1),
(44,1),
(90,1),
(90,2),
(45,1),
(46,14),
(46,16),
(91,1),
(47,1),
(92,1),
(93,1),
(48,14),
(49,1),
(94,1),
(50,17),
(98,1),
(38,18),
(53,3),
(52,1),
(66,2),
(99,1),
(51,1),
(95,1),
(96,18),
(97,18),
(9,19),
(100,1),
(58,20),
(59,1),
(101,21),
(61,17),
(103,1),
(103,18),
(68,22),
(27,23),
(62,1),
(62,2),
(102,3),
(102,1),
(104,1),
(104,24),
(63,12),
(105,16),
(19,25),
(13,26),
(86,1),
(86,2),
(69,1),
(106,1),
(107,27),
(14,2),
(70,2),
(109,28),
(108,1),
(110,1),
(73,1),
(15,1),
(15,2),
(111,1),
(35,29),
(128,1),
(76,2);

INSERT INTO `major_program` (`id`, `code`, `name`, `degree_program_id`) VALUES
(1,	'AI & VC','Artificial Intelligence & Visual Computing','IBA'),
(2,	'DE & DS','Data Engineering & Data Science','IBA'),
(3,	'HCID','Human Computer Interaction Design','IBA'),
(4,	'IT OS','IT Operation & Security','IBA'),
(5,	'SWD M','Software Development – Mobile','IBA'),
(6,	'SWD W','Software Development – Web','IBA');

INSERT INTO `requirement` (`id`, `inclusive`, `major_program_id`) VALUES
(30,CONV('1', 2, 10) + 0,1),/*AI*/
(31,CONV('0', 2, 10) + 0,1),/*AI*/
(32,CONV('1', 2, 10) + 0,2),/*Data*/
(33,CONV('0', 2, 10) + 0,2),/*Data*/
(34,CONV('1', 2, 10) + 0,3),/*Intercation*/
(35,CONV('1', 2, 10) + 0,4),/*ITOS*/
(36,CONV('1', 2, 10) + 0,5),/*SWDM*/
(37,CONV('1', 2, 10) + 0,6);/*SWDW*/

INSERT INTO `requirement_module` (`requirement_id`, `module_id`) VALUES
(30,78),
(30,86),
(30,90),
(30,51),
(30,100),
(30,128),
(31,77),
(31,102),
(32,79),
(32,80),
(32,87),
(32,88),
(32,89),
(33,77),
(33,102),
(34,91),
(34,92),
(34,93),
(34,94),
(34,108),
(34,109),
(34,110),
(35,83),
(35,84),
(35,85),
(35,96),
(35,99),
(35,101),
(35,106),
(36,4),
(36,104),
(36,105),
(36,106),
(36,107),
(36,108),
(37,4),
(37,111),
(37,105),
(37,106),
(3,107),
(37,108);